category,file,label,checkpoint,sample_dir,mean_pesq,mean_stoi,mean_snr_db,mean_wer,reference_text,mean_si_snr_db,sim,pivotal_distance,clean,masking,shuffling,replacing,neural,acc_before,acc_after,acc_drop,false_positive_rate,mean_presence_logit,sim_before,sim_after,sim_drop,pivotal_before,pivotal_after,detection_acc_before,detection_acc_after,detection_acc_drop,perturbation_linf_mean,perturbation_snr_db_mean,vctk_detection_acc
Audio quality (PESQ/STOI/SI-SNR),baseline_quality.json,./audio_samples/baseline,,./audio_samples/baseline,2.0426889955997467,0.9020351312173016,3.962773551232651,0.0,This is a test sentence for voice cloning.,,,,,,,,,,,,,,,,,,,,,,,,
Audio quality (PESQ/STOI/SI-SNR),baseline_quality_n25.json,./audio_samples/baseline_large,,./audio_samples/baseline_large,2.1500413274765013,0.9132741649200459,3.8059576413546568,0.035,This is a test sentence for voice cloning.,,,,,,,,,,,,,,,,,,,,,,,,
Audio quality (PESQ/STOI/SI-SNR),baseline_quality_n50.json,./audio_samples/baseline_n50,,./audio_samples/baseline_n50,2.1971018409729,0.9102820428598979,3.4257861535628304,0.045,This is a test sentence for voice cloning.,3.256481109420813,,,,,,,,,,,,,,,,,,,,,,,
Disruption (SIM),libritts_baseline_sim.json,baseline,,,,,,,,,0.42459637843645537,2.210702428450951,,,,,,,,,,,,,,,,,,,,,
Disruption (SIM),libritts_stage2_sim.json,./checkpoints/stage2_sim_longrun_recalibrated_v2/recalibrated_final.pt,./checkpoints/stage2_sim_longrun_recalibrated_v2/recalibrated_final.pt,,,,,,,,0.444780748624068,2.1912977328667274,,,,,,,,,,,,,,,,,,,,,
Audio quality (PESQ/STOI/SI-SNR),low_perturbation_quality_n50.json,./audio_samples/low_perturbation_n50,,./audio_samples/low_perturbation_n50,2.3827162647247313,0.9165177503649754,4.657368115615188,0.04,This is a test sentence for voice cloning.,3.2539798816251015,,,,,,,,,,,,,,,,,,,,,,,
Augmentation robustness,results_aug.json,./checkpoints/stage1_aug/stage1_epoch29.pt,./checkpoints/stage1_aug/stage1_epoch29.pt,,,,,,,,,,0.9776785714285714,0.9910714285714286,0.9821428571428571,0.9732142857142857,0.8638392857142857,,,,,,,,,,,,,,,,
Augmentation robustness,results_baseline.json,baseline,,,,,,,,,,,0.9866071428571429,0.9888392857142857,0.9866071428571429,0.9620535714285714,0.9508928571428571,,,,,,,,,,,,,,,,
AudioPure purification,results_baseline_audiopure.json,baseline,,,,,,,,,,,,,,,,0.9825,0.4875,0.49500000000000005,,,,,,,,,,,,,
False positive rate,results_baseline_fpr.json,baseline,,,,,,,,,,,,,,,,,,,0.04,-7.249554855674505,,,,,,,,,,,
Disruption (SIM),results_baseline_sim_run1.json,baseline,,,,,,,,,0.4703639057966379,1.8514314889907837,,,,,,,,,,,,,,,,,,,,,
Disruption (SIM),results_baseline_sim_run2.json,baseline,,,,,,,,,0.45515440519039446,1.874691733947167,,,,,,,,,,,,,,,,,,,,,
Disruption (SIM),results_baseline_sim_run3.json,baseline,,,,,,,,,0.45101650861593395,1.8733598635746882,,,,,,,,,,,,,,,,,,,,,
Augmentation robustness,results_noaug.json,./checkpoints/stage1_full/stage1_epoch29.pt,./checkpoints/stage1_full/stage1_epoch29.pt,,,,,,,,,,0.9799107142857143,0.9799107142857143,0.9776785714285714,0.9508928571428571,0.8883928571428571,,,,,,,,,,,,,,,,
Disruption (SIM),results_pgd_sim_stage1base_eps001_lwm1_run1.json,pgd_eps0.001_n10_lwm1.0_on_./checkpoints/stage1_full_recalibrated_v3/recalibrated_final.pt,./checkpoints/stage1_full_recalibrated_v3/recalibrated_final.pt,,,,,,,,0.2884263006540445,,,,,,,,,,,,0.4660843198116009,0.2884263006540445,0.1776580191575564,1.8657188782325158,1.7939231395721436,0.9951923076923077,1.0,-0.004807692307692291,0.0010000000474974513,39.3229680794936,
Disruption (SIM),results_pgd_sim_stage1base_eps002_lwm1_n100_run1.json,pgd_eps0.002_n10_lwm1.0_on_./checkpoints/stage1_full_recalibrated_v3/recalibrated_final.pt,./checkpoints/stage1_full_recalibrated_v3/recalibrated_final.pt,,,,,,,,0.22343418017029762,,,,,,,,,,,,0.4543608182668686,0.22343418017029762,0.23092663809657096,2.004695770740509,2.0240730357170107,0.996875,0.99875,-0.001875000000000071,0.0020000000949949026,32.67131552696228,
Disruption (SIM),results_pgd_sim_stage1base_eps002_lwm1_run1.json,pgd_eps0.002_n10_lwm1.0_on_./checkpoints/stage1_full_recalibrated_v3/recalibrated_final.pt,./checkpoints/stage1_full_recalibrated_v3/recalibrated_final.pt,,,,,,,,0.2507051080465317,,,,,,,,,,,,0.4539240736227769,0.2507051080465317,0.20321896557624525,1.8643822211485643,1.7963465727292574,0.9951923076923077,0.9951923076923077,0.0,0.0020000000949949026,33.30348253250122,
Disruption (SIM),results_pgd_sim_stage1base_eps003_lwm1_run1.json,pgd_eps0.003_n10_lwm1.0_on_./checkpoints/stage1_full_recalibrated_v3/recalibrated_final.pt,./checkpoints/stage1_full_recalibrated_v3/recalibrated_final.pt,,,,,,,,0.2308270403972039,,,,,,,,,,,,0.44847190838593703,0.2308270403972039,0.21764486798873314,1.8442517794095552,1.8032519633953388,0.9951923076923077,0.9927884615384616,0.0024038461538461453,0.003000000026077032,29.792574368990383,
Disruption (SIM),results_pgd_sim_stage1base_eps005_lwm1_run1.json,pgd_eps0.005_n10_lwm1.0_on_./checkpoints/stage1_full_recalibrated_v3/recalibrated_final.pt,./checkpoints/stage1_full_recalibrated_v3/recalibrated_final.pt,,,,,,,,0.220437595477471,,,,,,,,,,,,0.4609761329797598,0.220437595477471,0.24053853750228882,1.8576774780566876,1.7550573073900664,0.9951923076923077,0.9927884615384616,0.0024038461538461453,0.004999999888241291,25.393689412337082,
Disruption (SIM),results_pgd_sim_stage1base_eps007_lwm1_run1.json,pgd_eps0.007_n10_lwm1.0_on_./checkpoints/stage1_full_recalibrated_v3/recalibrated_final.pt,./checkpoints/stage1_full_recalibrated_v3/recalibrated_final.pt,,,,,,,,0.21989265026954505,,,,,,,,,,,,0.456680960380114,0.21989265026954505,0.23678831011056897,1.871498703956604,1.9095814594855676,0.9951923076923077,0.9903846153846154,0.004807692307692291,0.007000000216066837,22.47033898647015,
Disruption (SIM),results_pgd_sim_stage1base_eps01_lwm1_n100_run1.json,pgd_eps0.01_n10_lwm1.0_on_./checkpoints/stage1_full_recalibrated_v3/recalibrated_final.pt,./checkpoints/stage1_full_recalibrated_v3/recalibrated_final.pt,,,,,,,,0.19842385679483412,,,,,,,,,,,,0.4568642067909241,0.19842385679483412,0.25844034999609,2.021729187965393,2.0345833992958067,0.996875,0.9875,0.009374999999999911,0.009999999776482582,18.75013074874878,
Disruption (SIM),results_pgd_sim_stage1base_eps01_lwm1_run1.json,pgd_eps0.01_n10_lwm1.0_on_./checkpoints/stage1_full_recalibrated_v3/recalibrated_final.pt,./checkpoints/stage1_full_recalibrated_v3/recalibrated_final.pt,,,,,,,,0.2213535767335158,,,,,,,,,,,,0.46745795470017654,0.2213535767335158,0.24610437796666074,1.884101730126601,1.8470788827309241,0.9951923076923077,0.9927884615384616,0.0024038461538461453,0.009999999776482582,19.38338875770569,
False positive rate,results_recal_fpr.json,./checkpoints/stage1_full_recalibrated/recalibrated_final.pt,./checkpoints/stage1_full_recalibrated/recalibrated_final.pt,,,,,,,,,,,,,,,,,,0.28,-2.8595648675411938,,,,,,,,,,,
Disruption (SIM),results_recal_sim.json,./checkpoints/stage1_full_recalibrated/recalibrated_final.pt,./checkpoints/stage1_full_recalibrated/recalibrated_final.pt,,,,,,,,0.48812238528178287,1.861085213147677,,,,,,,,,,,,,,,,,,,,,
False positive rate,results_recal_v2_fpr.json,./checkpoints/stage1_full_recalibrated_v2/recalibrated_final.pt,./checkpoints/stage1_full_recalibrated_v2/recalibrated_final.pt,,,,,,,,,,,,,,,,,,0.28,-4.624856115728616,,,,,,,,,,,
Disruption (SIM),results_recal_v2_sim.json,./checkpoints/stage1_full_recalibrated_v2/recalibrated_final.pt,./checkpoints/stage1_full_recalibrated_v2/recalibrated_final.pt,,,,,,,,0.47370716012441194,1.879805876658513,,,,,,,,,,,,,,,,,,,,,
AudioPure purification,results_recal_v3_audiopure.json,./checkpoints/stage1_full_recalibrated_v3/recalibrated_final.pt,./checkpoints/stage1_full_recalibrated_v3/recalibrated_final.pt,,,,,,,,,,,,,,,1.0,0.4925,0.5075000000000001,,,,,,,,,,,,,
False positive rate,results_recal_v3_fpr.json,./checkpoints/stage1_full_recalibrated_v3/recalibrated_final.pt,./checkpoints/stage1_full_recalibrated_v3/recalibrated_final.pt,,,,,,,,,,,,,,,,,,0.04,-5.102779084038921,,,,,,,,,,,
AudioPure purification,results_stage1_aug_audiopure.json,./checkpoints/stage1_aug/stage1_epoch29.pt,./checkpoints/stage1_aug/stage1_epoch29.pt,,,,,,,,,,,,,,,0.9875,0.4925,0.49500000000000005,,,,,,,,,,,,,
False positive rate,results_stage1_fpr.json,./checkpoints/stage1_full/stage1_epoch29.pt,./checkpoints/stage1_full/stage1_epoch29.pt,,,,,,,,,,,,,,,,,,0.76,0.2698809090256691,,,,,,,,,,,
AudioPure purification,results_stage1_full_audiopure.json,./checkpoints/stage1_full/stage1_epoch29.pt,./checkpoints/stage1_full/stage1_epoch29.pt,,,,,,,,,,,,,,,1.0,0.4825,0.5175000000000001,,,,,,,,,,,,,
Disruption (SIM),results_stage1_sim_run1.json,./checkpoints/stage1_full/stage1_epoch29.pt,./checkpoints/stage1_full/stage1_epoch29.pt,,,,,,,,0.4593125856839694,1.86617910861969,,,,,,,,,,,,,,,,,,,,,
Disruption (SIM),results_stage1_sim_run2.json,./checkpoints/stage1_full/stage1_epoch29.pt,./checkpoints/stage1_full/stage1_epoch29.pt,,,,,,,,0.46635366861636823,1.8688005117269664,,,,,,,,,,,,,,,,,,,,,
Disruption (SIM),results_stage1_sim_run3.json,./checkpoints/stage1_full/stage1_epoch29.pt,./checkpoints/stage1_full/stage1_epoch29.pt,,,,,,,,0.4694918325314155,1.8949264196249156,,,,,,,,,,,,,,,,,,,,,
AudioPure purification,results_stage2_sim_audiopure.json,./checkpoints/stage2_sim_longrun/stage2_epoch29.pt,./checkpoints/stage2_sim_longrun/stage2_epoch29.pt,,,,,,,,,,,,,,,0.995,0.495,0.5,,,,,,,,,,,,,
False positive rate,results_stage2_sim_fpr.json,./checkpoints/stage2_sim_longrun/stage2_epoch29.pt,./checkpoints/stage2_sim_longrun/stage2_epoch29.pt,,,,,,,,,,,,,,,,,,0.84,0.4949265618622303,,,,,,,,,,,
Disruption (SIM),results_stage2_sim_sim_run1.json,./checkpoints/stage2_sim_longrun/stage2_epoch29.pt,./checkpoints/stage2_sim_longrun/stage2_epoch29.pt,,,,,,,,0.4653851046011998,1.853641464160039,,,,,,,,,,,,,,,,,,,,,
Disruption (SIM),results_stage2_sim_sim_run2.json,./checkpoints/stage2_sim_longrun/stage2_epoch29.pt,./checkpoints/stage2_sim_longrun/stage2_epoch29.pt,,,,,,,,0.4802650327865894,1.8498031634550829,,,,,,,,,,,,,,,,,,,,,
Disruption (SIM),results_stage2_sim_sim_run3.json,./checkpoints/stage2_sim_longrun/stage2_epoch29.pt,./checkpoints/stage2_sim_longrun/stage2_epoch29.pt,,,,,,,,0.4735090411626376,1.8573518349574163,,,,,,,,,,,,,,,,,,,,,
AudioPure purification,stage1_low_perturbation_audiopure.json,./checkpoints/stage1_low_perturbation/low_perturbation_final.pt,./checkpoints/stage1_low_perturbation/low_perturbation_final.pt,,,,,,,,,,,,,,,1.0,0.5325,0.4675,,,,,,,,,,,,,
Audio quality (PESQ/STOI/SI-SNR),stage1_low_perturbation_quality.json,./audio_samples/stage1_low_perturbation,,./audio_samples/stage1_low_perturbation,2.2067543268203735,0.9061242056074273,4.993339477240309,0.0625,This is a test sentence for voice cloning.,,,,,,,,,,,,,,,,,,,,,,,,
Audio quality (PESQ/STOI/SI-SNR),stage1_low_perturbation_quality_n25.json,./audio_samples/stage1_low_perturbation_large,,./audio_samples/stage1_low_perturbation_large,2.381447014808655,0.9188417844340322,5.079868893091425,0.04,This is a test sentence for voice cloning.,,,,,,,,,,,,,,,,,,,,,,,,
AudioPure purification,stage2_recal_audiopure.json,./checkpoints/stage2_sim_longrun_recalibrated/recalibrated_final.pt,./checkpoints/stage2_sim_longrun_recalibrated/recalibrated_final.pt,,,,,,,,,,,,,,,0.995,0.4825,0.5125,,,,,,,,,,,,,
False positive rate,stage2_recal_fpr.json,./checkpoints/stage2_sim_longrun_recalibrated/recalibrated_final.pt,./checkpoints/stage2_sim_longrun_recalibrated/recalibrated_final.pt,,,,,,,,,,,,,,,,,,0.12,-4.143536241650581,,,,,,,,,,,
Disruption (SIM),stage2_recal_sim.json,./checkpoints/stage2_sim_longrun_recalibrated/recalibrated_final.pt,./checkpoints/stage2_sim_longrun_recalibrated/recalibrated_final.pt,,,,,,,,0.46714826959830064,1.8686326833871694,,,,,,,,,,,,,,,,,,,,,
AudioPure purification,stage2_recal_v2_audiopure.json,./checkpoints/stage2_sim_longrun_recalibrated_v2/recalibrated_final.pt,./checkpoints/stage2_sim_longrun_recalibrated_v2/recalibrated_final.pt,,,,,,,,,,,,,,,0.995,0.4925,0.5025,,,,,,,,,,,,,
False positive rate,stage2_recal_v2_fpr.json,./checkpoints/stage2_sim_longrun_recalibrated_v2/recalibrated_final.pt,./checkpoints/stage2_sim_longrun_recalibrated_v2/recalibrated_final.pt,,,,,,,,,,,,,,,,,,0.0,-5.70043811917305,,,,,,,,,,,
Disruption (SIM),stage2_sim_quality.json,./audio_samples/stage2_sim_longrun,,./audio_samples/stage2_sim_longrun,2.1799880266189575,0.9042187734666376,4.903771118393294,0.03125,This is a test sentence for voice cloning.,,,,,,,,,,,,,,,,,,,,,,,,
Augmentation robustness,vctk_baseline.json,baseline,,,,,,,,,,,,,,,,,,,,,,,,,,,,,,,0.9977678571428571
Augmentation robustness,vctk_stage1_v3.json,./checkpoints/stage1_full_recalibrated_v3/recalibrated_final.pt,./checkpoints/stage1_full_recalibrated_v3/recalibrated_final.pt,,,,,,,,,,,,,,,,,,,,,,,,,,,,,,0.9977678571428571
